{"nodes":[{"x":1674.9573,"y":-66.03806,"label":"cgmeifangzhang","key":"cgmeifangzhang","size":6.0881912,"cluster":"2"},{"x":1396.2415,"y":-393.02905,"label":"zhang_heqing","key":"zhang_heqing","size":20.716314,"cluster":"0"},{"x":1495.39,"y":11.867217,"label":"sudheenkulkarni","key":"sudheenkulkarni","size":2.0,"cluster":"4"},{"x":1213.5918,"y":210.70209,"label":"libijian2","key":"libijian2","size":30.0,"cluster":"4"},{"x":201.41481,"y":1356.4436,"label":"holy_sin","key":"holy_sin","size":2.0,"cluster":"13"},{"x":446.48486,"y":648.01917,"label":"caoyi_mfa","key":"caoyi_mfa","size":18.396933999999998,"cluster":"13"},{"x":1800.4326,"y":485.31854,"label":"dxinjiang","key":"dxinjiang","size":11.540482,"cluster":"2"},{"x":945.39,"y":1452.5986,"label":"li_xiaosi","key":"li_xiaosi","size":2.0719028,"cluster":"15"},{"x":1413.6638,"y":1958.6416,"label":"yang_mady","key":"yang_mady","size":2.0,"cluster":"15"},{"x":2092.2463,"y":486.72894,"label":"frontlinestory","key":"frontlinestory","size":10.422222,"cluster":"100"},{"x":1477.5997,"y":433.69412,"label":"zlj517","key":"zlj517","size":2.0,"cluster":"2"},{"x":493.53906,"y":-394.99698,"label":"mahuichina","key":"mahuichina","size":8.264108,"cluster":"0"},{"x":-584.74164,"y":404.48148,"label":"danieldumbrill","key":"danieldumbrill","size":2.0,"cluster":"5"},{"x":427.79916,"y":-1025.6973,"label":"jerrystakechina","key":"jerrystakechina","size":2.0,"cluster":"10"},{"x":943.54584,"y":-372.38422,"label":"zhou_li_chn","key":"zhou_li_chn","size":2.0102718,"cluster":"0"},{"x":1732.8807,"y":198.03693,"label":"zhaliyou","key":"zhaliyou","size":5.993005800000001,"cluster":"0"},{"x":1695.9591,"y":-220.85382,"label":"mofazhuzhu","key":"mofazhuzhu","size":2.0,"cluster":"0"},{"x":64.849335,"y":-772.4832,"label":"madammiaow","key":"madammiaow","size":2.1725668,"cluster":"9"},{"x":-193.03453,"y":331.25168,"label":"andybxxx","key":"andybxxx","size":4.3419788,"cluster":"13"},{"x":-24218.75,"y":-17630.803,"label":"vo_r18","key":"vo_r18","size":2.0,"cluster":"100"},{"x":-24218.75,"y":-17693.65,"label":"zhonghuajiabot","key":"zhonghuajiabot","size":2.0,"cluster":"100"},{"x":1077.6804,"y":-97.30379,"label":"xiaoyewen","key":"xiaoyewen","size":2.005136,"cluster":"4"},{"x":1265.1027,"y":610.92413,"label":"xinjiangchannel","key":"xinjiangchannel","size":3.1162064000000003,"cluster":"4"},{"x":2375.029,"y":202.11545,"label":"lamaxyz8989","key":"lamaxyz8989","size":2.0,"cluster":"2"},{"x":2018.4183,"y":658.7811,"label":"rn2kkc4y7sseb5z","key":"rn2kkc4y7sseb5z","size":2.0,"cluster":"2"},{"x":-1805.8624,"y":1088.2994,"label":"nixielam","key":"nixielam","size":2.0,"cluster":"5"},{"x":-1056.7726,"y":828.09485,"label":"carlzha","key":"carlzha","size":17.231424,"cluster":"5"},{"x":-1108.8151,"y":1155.4446,"label":"davide_melia","key":"davide_melia","size":2.0,"cluster":"5"},{"x":-915.9717,"y":250.43665,"label":"ludo_line","key":"ludo_line","size":2.0,"cluster":"13"},{"x":2441.2805,"y":663.6606,"label":"haominliaizg","key":"haominliaizg","size":2.0205436,"cluster":"4"},{"x":-562.80963,"y":-2100.677,"label":"ep_lawrence","key":"ep_lawrence","size":2.0,"cluster":"9"},{"x":-469.99207,"y":-1821.828,"label":"paulmozur","key":"paulmozur","size":2.0,"cluster":"9"},{"x":-336.9456,"y":-1449.4089,"label":"catecadell","key":"catecadell","size":2.0,"cluster":"9"},{"x":-2152.5022,"y":-1331.1425,"label":"andymok","key":"andymok","size":2.0,"cluster":"5"},{"x":-1057.9655,"y":-1085.8687,"label":"cinqscories","key":"cinqscories","size":2.0,"cluster":"10"},{"x":-2574.237,"y":-1623.639,"label":"cheekymark1917","key":"cheekymark1917","size":2.0,"cluster":"5"},{"x":-1856.161,"y":-606.5471,"label":"yang_aotearoa","key":"yang_aotearoa","size":2.1027183999999997,"cluster":"5"},{"x":441.7534,"y":25.277733,"label":"jingjing_li","key":"jingjing_li","size":4.768602400000001,"cluster":"2"},{"x":1677.7739,"y":-1129.1034,"label":"ershadmahmud","key":"ershadmahmud","size":2.0,"cluster":"4"},{"x":1150.3625,"y":-168.2853,"label":"china2asean","key":"china2asean","size":2.0,"cluster":"4"},{"x":1690.552,"y":-980.65924,"label":"centerxinjiang","key":"centerxinjiang","size":2.4725044,"cluster":"0"},{"x":269.7608,"y":-198.96107,"label":"jerry_grey2002","key":"jerry_grey2002","size":2.0,"cluster":"0"},{"x":225.13351,"y":-764.49866,"label":"rnaudbertrand","key":"rnaudbertrand","size":2.0,"cluster":"10"},{"x":-50.854153,"y":-556.32446,"label":"mariocavolo","key":"mariocavolo","size":11.8345994,"cluster":"9"},{"x":281.12424,"y":189.75229,"label":"silingwu","key":"silingwu","size":3.98041,"cluster":"6"},{"x":2738.1973,"y":307.63687,"label":"andrewxjg","key":"andrewxjg","size":2.765252,"cluster":"100"},{"x":-49.82447,"y":1082.2312,"label":"dragondescendan","key":"dragondescendan","size":2.0,"cluster":"13"},{"x":-275.60934,"y":-1285.7594,"label":"curtexplores","key":"curtexplores","size":2.0,"cluster":"9"},{"x":-107.31851,"y":1988.823,"label":"sameerakhan","key":"sameerakhan","size":2.0,"cluster":"13"},{"x":766.49347,"y":-1189.6544,"label":"trappedsoldier","key":"trappedsoldier","size":2.0,"cluster":"6"},{"x":-143.15213,"y":-789.5706,"label":"dobahi","key":"dobahi","size":2.0,"cluster":"6"},{"x":1651.1072,"y":1325.8873,"label":"yidingyang_mfa","key":"yidingyang_mfa","size":7.3413552,"cluster":"100"},{"x":-801.41766,"y":611.35724,"label":"kiranfatimaopal","key":"kiranfatimaopal","size":2.0205436,"cluster":"5"},{"x":-636.4452,"y":60.285694,"label":"angelo4justice3","key":"angelo4justice3","size":2.0,"cluster":"10"},{"x":1790.5402,"y":19.928753,"label":"jacob0998","key":"jacob0998","size":2.0,"cluster":"0"},{"x":-320.71805,"y":-619.0036,"label":"slipknothooh","key":"slipknothooh","size":2.0,"cluster":"9"},{"x":1438.3906,"y":777.93536,"label":"chinaconsulist","key":"chinaconsulist","size":2.0,"cluster":"4"},{"x":987.91125,"y":672.2771,"label":"shen_shiwei","key":"shen_shiwei","size":2.0,"cluster":"13"},{"x":658.51025,"y":1238.0245,"label":"xmlisbk05","key":"xmlisbk05","size":2.3338346000000003,"cluster":"13"},{"x":314.61038,"y":1269.6191,"label":"sinanengineerr","key":"sinanengineerr","size":2.0,"cluster":"13"},{"x":371.62994,"y":-1142.3448,"label":"alisaisil","key":"alisaisil","size":2.0,"cluster":"2"},{"x":-370.7247,"y":513.1166,"label":"mav15605229","key":"mav15605229","size":5.9443855999999995,"cluster":"9"},{"x":3034.4006,"y":2387.7415,"label":"anastas74532139","key":"anastas74532139","size":5.9854728,"cluster":"15"},{"x":-1140.3452,"y":-753.4865,"label":"chinateacher1","key":"chinateacher1","size":8.139135,"cluster":"9"},{"x":-201.39511,"y":-150.68207,"label":"pandemictruther","key":"pandemictruther","size":2.0,"cluster":"10"},{"x":-194.55638,"y":-1320.5042,"label":"ebrahimhashem","key":"ebrahimhashem","size":2.0,"cluster":"9"},{"x":-704.7138,"y":-1138.8511,"label":"raniakhalek","key":"raniakhalek","size":2.0,"cluster":"9"},{"x":3045.955,"y":1549.263,"label":"northlion7_","key":"northlion7_","size":2.0,"cluster":"11"},{"x":2449.3196,"y":1296.3345,"label":"fatir0505","key":"fatir0505","size":3.5510475999999995,"cluster":"11"},{"x":165.91489,"y":-1124.8228,"label":"shineling2","key":"shineling2","size":2.0,"cluster":"9"},{"x":177.4652,"y":421.24396,"label":"penicilinpan","key":"penicilinpan","size":2.0,"cluster":"9"},{"x":559.9266,"y":-1225.1151,"label":"jessicaz1018","key":"jessicaz1018","size":2.0,"cluster":"0"},{"x":-657.54425,"y":-323.95074,"label":"muppetpowerrrrr","key":"muppetpowerrrrr","size":13.450358,"cluster":"10"},{"x":-445.28452,"y":-1242.6996,"label":"dannylo97768522","key":"dannylo97768522","size":2.5341354,"cluster":"6"},{"x":-925.2598,"y":-1138.5797,"label":"lomicchi","key":"lomicchi","size":2.0,"cluster":"9"},{"x":832.34106,"y":-827.2677,"label":"mriazshah2898","key":"mriazshah2898","size":2.0,"cluster":"0"},{"x":-1665.6187,"y":1180.0057,"label":"asian_bogan","key":"asian_bogan","size":2.0,"cluster":"5"},{"x":1219.7668,"y":1152.6848,"label":"liupheonix","key":"liupheonix","size":2.0205436,"cluster":"13"},{"x":1994.6445,"y":820.5527,"label":"topyellowriver","key":"topyellowriver","size":2.0,"cluster":"13"},{"x":1968.0804,"y":-5.784132,"label":"touchshandong","key":"touchshandong","size":2.0,"cluster":"0"},{"x":-24218.75,"y":-24119.58,"label":"yg_shing21","key":"yg_shing21","size":2.0205436,"cluster":"100"},{"x":-24218.75,"y":-24166.057,"label":"infernoxhell","key":"infernoxhell","size":2.0,"cluster":"100"},{"x":548.11847,"y":1435.3783,"label":"xinjiangalex","key":"xinjiangalex","size":2.4142973999999997,"cluster":"13"},{"x":-1796.2888,"y":1464.0654,"label":"przidnt1","key":"przidnt1","size":2.0,"cluster":"5"},{"x":4080.2815,"y":-564.3102,"label":"echoecho5221","key":"echoecho5221","size":2.0,"cluster":"100"},{"x":3609.0205,"y":-411.7289,"label":"shuren70372216","key":"shuren70372216","size":2.0,"cluster":"100"},{"x":893.08514,"y":-95.51766,"label":"sa_durban","key":"sa_durban","size":2.0,"cluster":"0"},{"x":1218.0673,"y":-911.3555,"label":"cindysomemore","key":"cindysomemore","size":2.0,"cluster":"0"},{"x":1590.376,"y":208.29807,"label":"michell60811926","key":"michell60811926","size":2.0205436,"cluster":"0"},{"x":62.555164,"y":210.46379,"label":"lixi_sui","key":"lixi_sui","size":2.0,"cluster":"10"},{"x":-563.4459,"y":1049.4092,"label":"thesilkroad","key":"thesilkroad","size":2.0,"cluster":"5"},{"x":1110.743,"y":-872.73315,"label":"lilyyeoh22","key":"lilyyeoh22","size":2.0,"cluster":"0"},{"x":801.0337,"y":122.266014,"label":"mazeemkhan1974","key":"mazeemkhan1974","size":4.8504348,"cluster":"6"},{"x":-5.766958,"y":492.70123,"label":"amyr___9090","key":"amyr___9090","size":2.0,"cluster":"8"},{"x":193.72815,"y":-63.257217,"label":"showtimematthew","key":"showtimematthew","size":2.0,"cluster":"10"},{"x":998.7376,"y":-682.1867,"label":"mzu_ali_","key":"mzu_ali_","size":2.0,"cluster":"6"},{"x":-1517.594,"y":-251.19757,"label":"wuque_cn","key":"wuque_cn","size":2.603984,"cluster":"8"},{"x":-1291.9459,"y":-362.24365,"label":"fengan_","key":"fengan_","size":3.98041,"cluster":"8"},{"x":1133.8232,"y":-956.3831,"label":"hawkiedesert","key":"hawkiedesert","size":2.0,"cluster":"0"},{"x":130.68524,"y":531.2069,"label":"mzasadi","key":"mzasadi","size":2.0,"cluster":"6"},{"x":-291.81082,"y":-471.69684,"label":"dragonwong2024","key":"dragonwong2024","size":2.1078542,"cluster":"6"},{"x":-430.53827,"y":1733.5452,"label":"queen_ice8371","key":"queen_ice8371","size":2.0,"cluster":"13"},{"x":-948.276,"y":1177.3561,"label":"abovetheclouds","key":"abovetheclouds","size":3.129902,"cluster":"9"},{"x":-641.7068,"y":812.05865,"label":"gfphilosophy","key":"gfphilosophy","size":2.0,"cluster":"13"},{"x":-25.199688,"y":154.43416,"label":"kashifmirzaam","key":"kashifmirzaam","size":2.0205436,"cluster":"10"},{"x":-988.2686,"y":92.37788,"label":"plafala","key":"plafala","size":2.0,"cluster":"8"},{"x":-1357.7195,"y":-615.0894,"label":"xh_lee23","key":"xh_lee23","size":2.0,"cluster":"10"},{"x":-905.5541,"y":-163.1362,"label":"robertsonjohn88","key":"robertsonjohn88","size":2.0,"cluster":"10"},{"x":-1317.9529,"y":-841.62213,"label":"genietango","key":"genietango","size":2.0,"cluster":"10"},{"x":-897.6183,"y":73.954926,"label":"cecilg90112976","key":"cecilg90112976","size":2.0,"cluster":"8"},{"x":1939.033,"y":-926.22687,"label":"amybetter1","key":"amybetter1","size":2.0,"cluster":"0"},{"x":-1131.759,"y":386.65778,"label":"kanthan2030","key":"kanthan2030","size":2.0,"cluster":"15"},{"x":88.32311,"y":423.91003,"label":"china4tech","key":"china4tech","size":2.006848,"cluster":"13"},{"x":-595.14355,"y":-624.4403,"label":"navinaheyden","key":"navinaheyden","size":2.0,"cluster":"10"},{"x":-1328.2466,"y":-691.4711,"label":"humphre12986645","key":"humphre12986645","size":2.0,"cluster":"10"},{"x":-934.18756,"y":-966.8691,"label":"malc_mcgregor","key":"malc_mcgregor","size":2.0,"cluster":"5"},{"x":-1796.3738,"y":887.4036,"label":"nuanced_nl","key":"nuanced_nl","size":2.0,"cluster":"5"},{"x":-1788.5563,"y":220.9412,"label":"mosiimachinese","key":"mosiimachinese","size":2.0,"cluster":"5"},{"x":1942.3895,"y":-308.09836,"label":"lilyhan92709503","key":"lilyhan92709503","size":2.0,"cluster":"4"},{"x":-912.51935,"y":-467.25827,"label":"procamera_z","key":"procamera_z","size":2.0,"cluster":"10"},{"x":-1070.2023,"y":-308.0344,"label":"lasspeaches","key":"lasspeaches","size":2.0,"cluster":"10"},{"x":-2405.4365,"y":-837.1762,"label":"chnembinsudan","key":"chnembinsudan","size":2.0,"cluster":"5"},{"x":1644.3359,"y":780.882,"label":"ccgjeddah","key":"ccgjeddah","size":2.0,"cluster":"2"},{"x":1552.205,"y":-742.31195,"label":"aozorasei1833","key":"aozorasei1833","size":2.0,"cluster":"0"},{"x":2087.5671,"y":-214.68074,"label":"brvautos","key":"brvautos","size":2.0,"cluster":"0"},{"x":-496.35788,"y":-1035.8033,"label":"xianghuazhang","key":"xianghuazhang","size":2.0,"cluster":"5"},{"x":1654.0737,"y":-780.7067,"label":"wangjinglingyue","key":"wangjinglingyue","size":2.0,"cluster":"0"},{"x":1601.9751,"y":51.127228,"label":"thetruthofthew4","key":"thetruthofthew4","size":2.0,"cluster":"0"},{"x":2293.7124,"y":172.93051,"label":"zhutouiii","key":"zhutouiii","size":2.0,"cluster":"2"},{"x":-0.73994124,"y":325.9364,"label":"liuxin_emily","key":"liuxin_emily","size":2.0,"cluster":"13"},{"x":-2158.7307,"y":-431.279,"label":"catseestheworld","key":"catseestheworld","size":2.0,"cluster":"8"},{"x":1614.9375,"y":-306.4804,"label":"yanghuikang1","key":"yanghuikang1","size":2.0,"cluster":"0"},{"x":1571.4293,"y":344.91614,"label":"elprofoodie","key":"elprofoodie","size":2.0,"cluster":"2"},{"x":3502.304,"y":1865.0377,"label":"tianjinmetropo1","key":"tianjinmetropo1","size":2.0,"cluster":"11"},{"x":3438.0745,"y":1633.433,"label":"plantmoretreez","key":"plantmoretreez","size":2.0,"cluster":"11"},{"x":2785.0105,"y":1746.1671,"label":"ayimu_oo1","key":"ayimu_oo1","size":2.1951647999999997,"cluster":"11"},{"x":1346.2056,"y":884.074,"label":"consulat_de","key":"consulat_de","size":2.0,"cluster":"2"},{"x":699.54205,"y":921.63824,"label":"jingfeng22","key":"jingfeng22","size":2.2003008,"cluster":"10"},{"x":285.86084,"y":1366.3828,"label":"mesapapern","key":"mesapapern","size":2.0,"cluster":"13"},{"x":2022.1282,"y":-326.28714,"label":"peter205815","key":"peter205815","size":2.0,"cluster":"4"},{"x":1943.1022,"y":1374.0333,"label":"chinaembaustria","key":"chinaembaustria","size":2.0,"cluster":"2"},{"x":502.87436,"y":2178.6685,"label":"but_why____","key":"but_why____","size":2.0,"cluster":"13"},{"x":-1316.8546,"y":1998.2928,"label":"mikatoshka","key":"mikatoshka","size":2.0,"cluster":"5"},{"x":-1740.7646,"y":2415.1733,"label":"proletariatris1","key":"proletariatris1","size":2.0,"cluster":"5"},{"x":-445.98898,"y":1948.9017,"label":"xi_fan","key":"xi_fan","size":2.0,"cluster":"8"},{"x":-581.0422,"y":3261.282,"label":"simongunson","key":"simongunson","size":2.0,"cluster":"13"},{"x":-758.2711,"y":3732.3923,"label":"shanghai__sky","key":"shanghai__sky","size":2.0,"cluster":"13"},{"x":-755.958,"y":-721.008,"label":"beehivechina","key":"beehivechina","size":2.0,"cluster":"10"},{"x":-739.48926,"y":-1858.7953,"label":"xifeng1842","key":"xifeng1842","size":2.0,"cluster":"6"},{"x":2064.2327,"y":292.1078,"label":"cnwangjj_zlj","key":"cnwangjj_zlj","size":2.0,"cluster":"11"},{"x":1983.6292,"y":1041.7986,"label":"usdimplosion","key":"usdimplosion","size":2.0,"cluster":"4"},{"x":-947.1399,"y":2354.7908,"label":"xuqinduo","key":"xuqinduo","size":2.0,"cluster":"13"},{"x":-1282.9884,"y":2838.7551,"label":"unikrob","key":"unikrob","size":2.0,"cluster":"13"},{"x":-1897.3296,"y":336.8038,"label":"dancdo7","key":"dancdo7","size":2.0,"cluster":"15"},{"x":-248.56935,"y":1659.1512,"label":"tridisconinja","key":"tridisconinja","size":2.0,"cluster":"13"},{"x":2823.4983,"y":856.5582,"label":"dongguanz","key":"dongguanz","size":2.0,"cluster":"11"},{"x":269.66763,"y":-2100.3757,"label":"wuweiliving","key":"wuweiliving","size":2.0,"cluster":"0"},{"x":297.71405,"y":-1873.8713,"label":"maureenahuebel","key":"maureenahuebel","size":2.0,"cluster":"0"},{"x":2141.6602,"y":759.434,"label":"n1logq5vluoekiv","key":"n1logq5vluoekiv","size":2.0,"cluster":"4"},{"x":1348.2823,"y":1373.1847,"label":"illdbqp","key":"illdbqp","size":2.0479352,"cluster":"11"},{"x":269.96234,"y":-2669.0557,"label":"comeonjustchill","key":"comeonjustchill","size":2.0,"cluster":"0"},{"x":191.2948,"y":-2657.3977,"label":"justcurious1313","key":"justcurious1313","size":2.0,"cluster":"0"},{"x":-117.6804,"y":692.27655,"label":"candle_finder","key":"candle_finder","size":5.3041072,"cluster":"8"},{"x":954.46423,"y":863.5692,"label":"phngkhin","key":"phngkhin","size":2.0,"cluster":"8"},{"x":2365.6091,"y":-1544.3334,"label":"zeng65292940","key":"zeng65292940","size":2.0,"cluster":"0"},{"x":-698.6006,"y":1179.3256,"label":"baizuopatrol","key":"baizuopatrol","size":2.0,"cluster":"8"},{"x":-701.18317,"y":1103.9983,"label":"mudassa38215818","key":"mudassa38215818","size":2.0,"cluster":"8"},{"x":2717.6912,"y":-1959.0161,"label":"manso64139770","key":"manso64139770","size":2.0,"cluster":"0"},{"x":-24218.75,"y":9473.965,"label":"noel_calibre","key":"noel_calibre","size":2.0205436,"cluster":"100"},{"x":-24218.75,"y":9396.161,"label":"xmb0707","key":"xmb0707","size":2.0,"cluster":"100"},{"x":680.42566,"y":2017.8757,"label":"1917cccp2","key":"1917cccp2","size":2.0,"cluster":"13"},{"x":-567.9925,"y":157.87183,"label":"garwoodmaureen","key":"garwoodmaureen","size":2.0,"cluster":"8"},{"x":-657.6601,"y":1257.309,"label":"hong_kong97","key":"hong_kong97","size":2.0,"cluster":"8"},{"x":-466.60703,"y":-746.6841,"label":"8964christian","key":"8964christian","size":2.0,"cluster":"5"},{"x":-291.5773,"y":-784.25885,"label":"sweeneysteve","key":"sweeneysteve","size":2.0,"cluster":"10"},{"x":-907.57404,"y":-1386.3618,"label":"baujosephine","key":"baujosephine","size":2.0,"cluster":"5"},{"x":-1295.7539,"y":-1241.6378,"label":"colinttwsyf","key":"colinttwsyf","size":2.0,"cluster":"10"},{"x":192.21057,"y":-1518.4283,"label":"ffortuzzi","key":"ffortuzzi","size":2.0,"cluster":"10"},{"x":3476.122,"y":2668.9392,"label":"chanjoe18","key":"chanjoe18","size":2.0,"cluster":"15"},{"x":3466.865,"y":2755.8806,"label":"tom06090874","key":"tom06090874","size":2.0,"cluster":"15"},{"x":2402.2686,"y":-445.66183,"label":"tagelnesru","key":"tagelnesru","size":2.0,"cluster":"2"},{"x":-823.5011,"y":-1427.4647,"label":"freedomrideblog","key":"freedomrideblog","size":2.0,"cluster":"5"},{"x":809.6862,"y":315.01263,"label":"honglong_chen","key":"honglong_chen","size":2.0,"cluster":"4"},{"x":-1228.6233,"y":-1309.3596,"label":"myuknumber4","key":"myuknumber4","size":2.0,"cluster":"10"},{"x":-1324.6521,"y":264.2833,"label":"schow1122","key":"schow1122","size":2.0,"cluster":"5"},{"x":530.7573,"y":998.4776,"label":"mayawinterssms","key":"mayawinterssms","size":2.0,"cluster":"13"},{"x":1897.0283,"y":-1099.9048,"label":"gohahwei1","key":"gohahwei1","size":2.0,"cluster":"0"},{"x":255.50606,"y":975.355,"label":"deepadiver2","key":"deepadiver2","size":3.0888148,"cluster":"13"},{"x":-1114.4972,"y":527.89465,"label":"jasoneclarke","key":"jasoneclarke","size":2.0,"cluster":"5"},{"x":-1534.05,"y":1933.3838,"label":"wilsonsun","key":"wilsonsun","size":2.0,"cluster":"100"},{"x":-1986.2062,"y":2307.225,"label":"laifuq","key":"laifuq","size":2.0,"cluster":"100"},{"x":-2026.3652,"y":2241.2432,"label":"d_anastasiadis","key":"d_anastasiadis","size":2.0,"cluster":"100"},{"x":-1212.8763,"y":2145.2102,"label":"duanqiaozhi","key":"duanqiaozhi","size":2.0,"cluster":"100"},{"x":513.36584,"y":1128.6753,"label":"jokieliu","key":"jokieliu","size":2.0,"cluster":"13"},{"x":1555.7137,"y":1581.8234,"label":"fengdibaby","key":"fengdibaby","size":2.0,"cluster":"100"},{"x":2260.684,"y":2225.9587,"label":"emma91161141","key":"emma91161141","size":2.7395724,"cluster":"100"},{"x":2192.0386,"y":2409.8584,"label":"oubai520","key":"oubai520","size":2.0,"cluster":"100"},{"x":1076.5599,"y":1656.9161,"label":"byronbarton10","key":"byronbarton10","size":2.0,"cluster":"4"},{"x":240.21771,"y":1548.3748,"label":"martha79868135","key":"martha79868135","size":2.0,"cluster":"10"},{"x":1238.8242,"y":1436.7709,"label":"xjcuisineguli","key":"xjcuisineguli","size":2.0,"cluster":"13"},{"x":-926.4692,"y":449.8088,"label":"70keenan","key":"70keenan","size":2.0,"cluster":"15"},{"x":632.06287,"y":-1178.9731,"label":"omani1love","key":"omani1love","size":2.0,"cluster":"0"},{"x":-1702.7194,"y":-1142.6257,"label":"solopocono2","key":"solopocono2","size":2.0,"cluster":"9"},{"x":1698.965,"y":2060.7297,"label":"hsarnic","key":"hsarnic","size":2.0,"cluster":"15"},{"x":2071.3928,"y":2608.281,"label":"satsumandlina","key":"satsumandlina","size":2.0,"cluster":"15"},{"x":82.760574,"y":1571.8251,"label":"kelvinbsp","key":"kelvinbsp","size":2.0,"cluster":"13"},{"x":2152.8772,"y":1268.039,"label":"kisslinru","key":"kisslinru","size":2.2876114000000003,"cluster":"100"},{"x":-339.1733,"y":964.72546,"label":"isoboy","key":"isoboy","size":2.0,"cluster":"10"},{"x":1383.0826,"y":1529.9708,"label":"truth_n_respect","key":"truth_n_respect","size":2.0,"cluster":"11"},{"x":61.074154,"y":-994.358,"label":"chriswongsar","key":"chriswongsar","size":2.0,"cluster":"9"},{"x":-55.552235,"y":-1715.2131,"label":"naser13606915","key":"naser13606915","size":2.0,"cluster":"9"},{"x":580.39404,"y":1916.1957,"label":"btcadalink","key":"btcadalink","size":2.0,"cluster":"5"},{"x":2146.1133,"y":1826.6514,"label":"chinacg_nyc","key":"chinacg_nyc","size":2.0,"cluster":"100"},{"x":-869.2437,"y":1460.6807,"label":"asia9527","key":"asia9527","size":2.0,"cluster":"10"},{"x":569.8008,"y":2593.973,"label":"refurbished_t34","key":"refurbished_t34","size":2.0,"cluster":"5"},{"x":-911.29926,"y":1547.9719,"label":"sammycscs","key":"sammycscs","size":2.0,"cluster":"10"},{"x":871.4218,"y":1920.1614,"label":"hard2decide","key":"hard2decide","size":2.0,"cluster":"6"},{"x":929.59344,"y":2599.093,"label":"laoshichu","key":"laoshichu","size":2.0,"cluster":"6"},{"x":1004.18585,"y":2596.7764,"label":"drandytsun","key":"drandytsun","size":2.0,"cluster":"6"},{"x":680.0554,"y":1695.1586,"label":"nuryvittachi","key":"nuryvittachi","size":2.0,"cluster":"100"},{"x":-739.90686,"y":2532.4727,"label":"maodada15","key":"maodada15","size":2.0,"cluster":"8"},{"x":-277.6901,"y":1166.071,"label":"xinranz98","key":"xinranz98","size":2.1335338,"cluster":"10"},{"x":-817.6724,"y":1542.486,"label":"luo_xiaohan","key":"luo_xiaohan","size":2.0,"cluster":"10"},{"x":-57.336617,"y":1661.5638,"label":"lunareadingnote","key":"lunareadingnote","size":2.0,"cluster":"13"},{"x":-965.52734,"y":1460.8806,"label":"irate_minority","key":"irate_minority","size":2.0,"cluster":"10"},{"x":1588.9171,"y":2552.1174,"label":"newhand_lv","key":"newhand_lv","size":2.0,"cluster":"15"},{"x":-1374.8817,"y":-758.62354,"label":"remember1421","key":"remember1421","size":2.0,"cluster":"10"},{"x":-1541.5217,"y":936.3686,"label":"longlive_theppl","key":"longlive_theppl","size":2.0,"cluster":"5"},{"x":337.90967,"y":2481.2917,"label":"epkuawait_99","key":"epkuawait_99","size":2.0,"cluster":"13"},{"x":135.0761,"y":2685.1025,"label":"michshsh","key":"michshsh","size":2.0,"cluster":"13"},{"x":1456.4003,"y":1288.1641,"label":"kellyy67122045","key":"kellyy67122045","size":2.0,"cluster":"11"},{"x":105.76135,"y":1735.0638,"label":"concernedhk","key":"concernedhk","size":2.0,"cluster":"13"},{"x":1907.8419,"y":3240.218,"label":"lauraontheway","key":"lauraontheway","size":2.0205436,"cluster":"15"},{"x":-10.457115,"y":-51.942547,"label":"future_dasein","key":"future_dasein","size":2.0,"cluster":"6"},{"x":18.29273,"y":1712.177,"label":"nomibwave","key":"nomibwave","size":2.0,"cluster":"13"},{"x":-621.6002,"y":614.52234,"label":"epsilonm","key":"epsilonm","size":2.0,"cluster":"5"},{"x":-1755.7983,"y":1162.5242,"label":"fariamal","key":"fariamal","size":2.0,"cluster":"5"},{"x":2396.1282,"y":294.85455,"label":"luxotm","key":"luxotm","size":2.0,"cluster":"2"},{"x":1555.853,"y":2286.439,"label":"stefan05805762","key":"stefan05805762","size":2.0,"cluster":"15"},{"x":2040.7937,"y":965.89166,"label":"wqingxian","key":"wqingxian","size":2.0,"cluster":"4"},{"x":2315.8174,"y":1671.7501,"label":"photos_china","key":"photos_china","size":2.123262,"cluster":"11"},{"x":-749.9382,"y":179.29272,"label":"flamencojacob","key":"flamencojacob","size":2.0,"cluster":"9"},{"x":1044.2538,"y":2185.8523,"label":"shoaibkahut","key":"shoaibkahut","size":2.0,"cluster":"15"},{"x":736.89685,"y":1072.0603,"label":"joshuamills044","key":"joshuamills044","size":2.0308156,"cluster":"2"},{"x":-375.1013,"y":2575.6455,"label":"faceblaster","key":"faceblaster","size":2.0,"cluster":"13"},{"x":-968.8904,"y":-26.896574,"label":"ricarduscaseus","key":"ricarduscaseus","size":2.0,"cluster":"5"},{"x":-2.1744392,"y":1463.3994,"label":"lorenadyson","key":"lorenadyson","size":2.0,"cluster":"15"},{"x":-306.98294,"y":2163.1501,"label":"icygreenforest","key":"icygreenforest","size":2.0,"cluster":"15"},{"x":-1879.4459,"y":422.94714,"label":"beerkale","key":"beerkale","size":2.0,"cluster":"15"},{"x":-289.28113,"y":-331.90054,"label":"nyrzenovka","key":"nyrzenovka","size":2.0,"cluster":"10"},{"x":-430.2465,"y":1252.374,"label":"7654321werr","key":"7654321werr","size":2.0,"cluster":"9"},{"x":1520.5195,"y":2611.9006,"label":"jerry852172","key":"jerry852172","size":2.0,"cluster":"15"},{"x":-913.3268,"y":1803.752,"label":"blockademe","key":"blockademe","size":2.0,"cluster":"9"},{"x":-24218.75,"y":9558.635,"label":"nigel8529","key":"nigel8529","size":2.0,"cluster":"100"},{"x":-1657.3845,"y":576.4117,"label":"aspi_watcher","key":"aspi_watcher","size":2.0,"cluster":"5"},{"x":1550.7614,"y":853.7257,"label":"shenzhaozhi","key":"shenzhaozhi","size":2.0,"cluster":"4"},{"x":3182.024,"y":1221.557,"label":"tuckfwitterz","key":"tuckfwitterz","size":2.0,"cluster":"11"},{"x":2546.325,"y":1107.4177,"label":"fire_yeniiii","key":"fire_yeniiii","size":3.2737076000000003,"cluster":"11"},{"x":-1738.3251,"y":1006.9745,"label":"alimbughra","key":"alimbughra","size":2.0,"cluster":"5"},{"x":-24218.75,"y":-17773.7,"label":"brighte14360558","key":"brighte14360558","size":2.0,"cluster":"100"},{"x":1593.6176,"y":2666.5208,"label":"dreamwalker1011","key":"dreamwalker1011","size":2.0,"cluster":"15"},{"x":1812.2733,"y":-1143.6904,"label":"3rdisaiah","key":"3rdisaiah","size":2.0,"cluster":"0"},{"x":25239.52,"y":-24218.75,"label":"thucydidesca","key":"thucydidesca","size":2.0,"cluster":"100"},{"x":25299.643,"y":-24218.75,"label":"meow75310676","key":"meow75310676","size":2.0,"cluster":"100"},{"x":-490.26782,"y":1104.6444,"label":"wilson39875605","key":"wilson39875605","size":2.0,"cluster":"13"},{"x":-1695.1035,"y":-59.817883,"label":"arthurlarsen","key":"arthurlarsen","size":2.0,"cluster":"9"},{"x":-1647.3495,"y":-698.7332,"label":"bintachina","key":"bintachina","size":3.068271,"cluster":"9"},{"x":-24128.059,"y":-24218.75,"label":"bobohupp","key":"bobohupp","size":2.0,"cluster":"100"},{"x":-24175.215,"y":-24218.75,"label":"cctv1008","key":"cctv1008","size":2.0,"cluster":"100"},{"x":1912.4233,"y":-478.52252,"label":"fcmaca","key":"fcmaca","size":2.0,"cluster":"4"},{"x":1176.279,"y":904.9615,"label":"heerfei","key":"heerfei","size":2.0,"cluster":"13"},{"x":1660.7584,"y":2504.1406,"label":"syaiful18532221","key":"syaiful18532221","size":2.0,"cluster":"15"},{"x":2350.4978,"y":-526.12134,"label":"zukham","key":"zukham","size":2.0,"cluster":"2"},{"x":-921.8741,"y":2496.927,"label":"stonech00365833","key":"stonech00365833","size":2.0,"cluster":"100"},{"x":2139.4407,"y":-110.20743,"label":"willietan129","key":"willietan129","size":2.0,"cluster":"100"},{"x":-1842.0168,"y":1006.0385,"label":"fluxmulder","key":"fluxmulder","size":2.0,"cluster":"5"},{"x":216.06879,"y":-482.34958,"label":"beekjoanna","key":"beekjoanna","size":2.0,"cluster":"10"},{"x":3172.5334,"y":1311.6415,"label":"yayingruan","key":"yayingruan","size":2.0,"cluster":"11"},{"x":2792.8384,"y":1179.3365,"label":"wwwyq6661308579","key":"wwwyq6661308579","size":2.0,"cluster":"11"},{"x":-52.62317,"y":-1515.1097,"label":"blakechaos1208","key":"blakechaos1208","size":2.0,"cluster":"9"},{"x":295.0169,"y":1808.6,"label":"london1_uk","key":"london1_uk","size":2.0,"cluster":"10"},{"x":835.2379,"y":746.6516,"label":"unyil81855105","key":"unyil81855105","size":2.0,"cluster":"9"},{"x":378.30338,"y":1329.3912,"label":"nedsmic","key":"nedsmic","size":2.0,"cluster":"13"},{"x":1755.5078,"y":2470.2205,"label":"toomanyfights","key":"toomanyfights","size":2.0,"cluster":"15"},{"x":-266.43054,"y":2623.256,"label":"exarkun1949","key":"exarkun1949","size":2.0,"cluster":"13"},{"x":1822.783,"y":2521.1353,"label":"sun_moon2022","key":"sun_moon2022","size":2.0,"cluster":"15"},{"x":736.60535,"y":-1655.3606,"label":"southiefkorean","key":"southiefkorean","size":2.0,"cluster":"2"},{"x":845.1688,"y":-2261.3245,"label":"gmply5555","key":"gmply5555","size":2.0,"cluster":"2"},{"x":1964.7004,"y":-1047.5815,"label":"hkpreview","key":"hkpreview","size":2.0,"cluster":"0"},{"x":1905.9681,"y":897.0781,"label":"george_papp6","key":"george_papp6","size":2.0,"cluster":"15"},{"x":2942.7966,"y":-633.68146,"label":"pandadwen","key":"pandadwen","size":2.0,"cluster":"100"},{"x":943.5818,"y":1120.8685,"label":"armanhkcn","key":"armanhkcn","size":2.0,"cluster":"13"},{"x":358.9647,"y":1421.7106,"label":"aongishere_alan","key":"aongishere_alan","size":2.0,"cluster":"13"},{"x":2355.9326,"y":487.07242,"label":"andyhanye1990","key":"andyhanye1990","size":2.0,"cluster":"2"},{"x":1675.7571,"y":2629.583,"label":"lch13602","key":"lch13602","size":2.0,"cluster":"15"},{"x":1098.3988,"y":1819.8698,"label":"davidkersten","key":"davidkersten","size":2.0,"cluster":"13"},{"x":1810.0511,"y":2717.241,"label":"lykddscfh","key":"lykddscfh","size":2.0,"cluster":"15"},{"x":2067.6624,"y":3243.1836,"label":"huizhedingli06","key":"huizhedingli06","size":2.0,"cluster":"15"},{"x":2120.9292,"y":3190.0852,"label":"guodastatham888","key":"guodastatham888","size":2.0,"cluster":"15"},{"x":2242.6284,"y":1530.5322,"label":"davidepoon","key":"davidepoon","size":2.0,"cluster":"11"},{"x":329.10904,"y":-647.62274,"label":"hornetbee2","key":"hornetbee2","size":2.0,"cluster":"0"},{"x":267.23648,"y":-1021.5371,"label":"kong_ls","key":"kong_ls","size":2.0,"cluster":"0"},{"x":2866.7944,"y":470.71268,"label":"919deng","key":"919deng","size":2.0,"cluster":"100"},{"x":-23966.234,"y":-24218.75,"label":"dashewushuang1","key":"dashewushuang1","size":2.0,"cluster":"100"},{"x":-24019.168,"y":-24218.75,"label":"nogood_english","key":"nogood_english","size":2.0,"cluster":"100"},{"x":1095.5247,"y":-220.83548,"label":"lesterjerry2","key":"lesterjerry2","size":2.0,"cluster":"4"},{"x":1805.7029,"y":901.5518,"label":"george_papp0701","key":"george_papp0701","size":2.0,"cluster":"15"},{"x":1409.3884,"y":1180.9794,"label":"ouahouah88","key":"ouahouah88","size":2.0,"cluster":"4"},{"x":1879.6919,"y":-986.8419,"label":"ji_soo12","key":"ji_soo12","size":2.0,"cluster":"0"},{"x":2304.572,"y":282.66693,"label":"iotakitty","key":"iotakitty","size":2.0,"cluster":"2"},{"x":699.68646,"y":2820.939,"label":"hadi37651","key":"hadi37651","size":2.0,"cluster":"13"},{"x":717.0109,"y":3399.3625,"label":"za970001","key":"za970001","size":2.0,"cluster":"13"},{"x":1709.8533,"y":-732.0086,"label":"claudederenne","key":"claudederenne","size":2.0,"cluster":"0"},{"x":859.7346,"y":-650.1701,"label":"riverboca42","key":"riverboca42","size":2.0,"cluster":"10"},{"x":225.94055,"y":1263.2179,"label":"rule_of_thu","key":"rule_of_thu","size":2.0,"cluster":"13"},{"x":-1613.8268,"y":189.98123,"label":"mareehlovech","key":"mareehlovech","size":2.0,"cluster":"5"},{"x":-676.526,"y":-1317.5463,"label":"ouestwatcher","key":"ouestwatcher","size":2.0,"cluster":"9"},{"x":-1258.2019,"y":1024.1224,"label":"ex8ted","key":"ex8ted","size":2.0,"cluster":"5"},{"x":-1931.7753,"y":1295.0747,"label":"stuckupmark","key":"stuckupmark","size":2.0,"cluster":"5"},{"x":-1259.1881,"y":601.34894,"label":"amarillion82","key":"amarillion82","size":2.0,"cluster":"5"},{"x":2830.2136,"y":2420.778,"label":"yuko38651363","key":"yuko38651363","size":2.0,"cluster":"15"},{"x":1138.1365,"y":1412.546,"label":"oceanssimple","key":"oceanssimple","size":2.0,"cluster":"13"},{"x":850.31476,"y":480.48117,"label":"cooland413","key":"cooland413","size":2.0,"cluster":"6"},{"x":-352.5128,"y":1430.0364,"label":"nancy91386738","key":"nancy91386738","size":2.0,"cluster":"13"},{"x":-1375.5927,"y":399.82614,"label":"always_delay","key":"always_delay","size":2.0,"cluster":"5"},{"x":1816.446,"y":-1049.7087,"label":"kc226_easy","key":"kc226_easy","size":2.0,"cluster":"0"},{"x":-24218.75,"y":-24218.75,"label":"sunnylovescat","key":"sunnylovescat","size":2.0,"cluster":"100"},{"x":-111.888405,"y":2285.8657,"label":"bobasoynpc","key":"bobasoynpc","size":2.0,"cluster":"13"},{"x":2108.298,"y":3714.313,"label":"homekong0701","key":"homekong0701","size":2.0,"cluster":"15"},{"x":-1648.8392,"y":-1218.5328,"label":"thecqu","key":"thecqu","size":2.0,"cluster":"9"},{"x":138.0948,"y":1283.298,"label":"lilita_sun","key":"lilita_sun","size":2.0,"cluster":"13"},{"x":36.43809,"y":3266.6628,"label":"sylviag46263954","key":"sylviag46263954","size":2.0,"cluster":"13"},{"x":-1432.343,"y":697.17773,"label":"changeling27","key":"changeling27","size":2.0,"cluster":"5"},{"x":-571.33575,"y":1473.1534,"label":"ricardo91606583","key":"ricardo91606583","size":2.0,"cluster":"5"},{"x":-1689.753,"y":1083.9146,"label":"ziganwu007","key":"ziganwu007","size":2.0,"cluster":"5"},{"x":3384.7903,"y":2718.5122,"label":"heichichangzhi","key":"heichichangzhi","size":2.0,"cluster":"15"},{"x":1736.4167,"y":2568.7278,"label":"jesuisbaton","key":"jesuisbaton","size":2.0,"cluster":"15"},{"x":2549.4397,"y":2867.5212,"label":"how_sunnyii","key":"how_sunnyii","size":2.0,"cluster":"100"},{"x":2418.3918,"y":-77.37328,"label":"wonjihj686664","key":"wonjihj686664","size":2.0,"cluster":"2"},{"x":3052.1084,"y":-296.96423,"label":"96stats","key":"96stats","size":2.0,"cluster":"2"},{"x":2026.5729,"y":-988.20184,"label":"taikongtudou","key":"taikongtudou","size":2.0,"cluster":"0"},{"x":-349.6382,"y":2662.3262,"label":"tiddlycloud","key":"tiddlycloud","size":2.0,"cluster":"13"},{"x":1893.7305,"y":1079.4271,"label":"aiolos007","key":"aiolos007","size":2.0,"cluster":"4"},{"x":1828.0265,"y":1006.98315,"label":"xiangch13497840","key":"xiangch13497840","size":2.0,"cluster":"15"},{"x":2030.3059,"y":-897.3378,"label":"naseemm47592972","key":"naseemm47592972","size":2.0,"cluster":"0"},{"x":2359.4978,"y":381.97244,"label":"farmanbaig87","key":"farmanbaig87","size":2.0,"cluster":"2"},{"x":2421.7102,"y":415.73187,"label":"yoyoliu84544277","key":"yoyoliu84544277","size":2.0,"cluster":"2"},{"x":1482.717,"y":740.1186,"label":"hellofori","key":"hellofori","size":2.0,"cluster":"4"},{"x":1058.9115,"y":1301.4895,"label":"coatlicue0103","key":"coatlicue0103","size":2.0,"cluster":"13"},{"x":-477.14325,"y":1654.2877,"label":"rin_08020","key":"rin_08020","size":2.0,"cluster":"13"},{"x":-295.73688,"y":180.01976,"label":"wangzhe11906861","key":"wangzhe11906861","size":2.0,"cluster":"5"},{"x":602.2911,"y":-104.841,"label":"cheungchaukk","key":"cheungchaukk","size":2.0,"cluster":"2"},{"x":1977.2008,"y":-208.7768,"label":"hongkongpanda1","key":"hongkongpanda1","size":2.0,"cluster":"4"},{"x":1901.3917,"y":734.1596,"label":"bayon202012","key":"bayon202012","size":2.0,"cluster":"4"},{"x":720.89734,"y":-897.91016,"label":"drkkrw1","key":"drkkrw1","size":2.0,"cluster":"2"},{"x":794.988,"y":-941.0279,"label":"moinaksg","key":"moinaksg","size":2.0,"cluster":"2"},{"x":2352.252,"y":919.6134,"label":"ladida_0316","key":"ladida_0316","size":2.0,"cluster":"11"},{"x":-1360.5657,"y":-108.416466,"label":"woshishiyilang","key":"woshishiyilang","size":2.0,"cluster":"10"},{"x":-543.1807,"y":1714.813,"label":"user52970857481","key":"user52970857481","size":2.0,"cluster":"13"},{"x":-1631.4553,"y":-490.61526,"label":"maglexa11","key":"maglexa11","size":2.0,"cluster":"8"},{"x":-1395.7079,"y":314.3249,"label":"ukaleido","key":"ukaleido","size":2.0,"cluster":"5"}],"edges":[["cgmeifangzhang","zhang_heqing"],["sudheenkulkarni","libijian2"],["holy_sin","caoyi_mfa"],["dxinjiang","libijian2"],["dxinjiang","zhang_heqing"],["li_xiaosi","yang_mady"],["frontlinestory","zhang_heqing"],["dxinjiang","zlj517"],["dxinjiang","cgmeifangzhang"],["mahuichina","danieldumbrill"],["mahuichina","jerrystakechina"],["mahuichina","zhou_li_chn"],["zhaliyou","frontlinestory"],["mofazhuzhu","zhang_heqing"],["madammiaow","andybxxx"],["vo_r18","zhonghuajiabot"],["xiaoyewen","xinjiangchannel"],["lamaxyz8989","zlj517"],["rn2kkc4y7sseb5z","xinjiangchannel"],["rn2kkc4y7sseb5z","dxinjiang"],["nixielam","carlzha"],["carlzha","davide_melia"],["andybxxx","ludo_line"],["mahuichina","zhang_heqing"],["haominliaizg","zlj517"],["ep_lawrence","paulmozur"],["ep_lawrence","catecadell"],["andymok","cinqscories"],["andymok","cheekymark1917"],["andymok","yang_aotearoa"],["madammiaow","jingjing_li"],["ershadmahmud","china2asean"],["ershadmahmud","centerxinjiang"],["mahuichina","zlj517"],["mahuichina","jerry_grey2002"],["mahuichina","jingjing_li"],["mahuichina","rnaudbertrand"],["frontlinestory","jingjing_li"],["mariocavolo","jerry_grey2002"],["silingwu","zhang_heqing"],["zhaliyou","andrewxjg"],["zhaliyou","dragondescendan"],["mofazhuzhu","zlj517"],["jingjing_li","dragondescendan"],["jingjing_li","danieldumbrill"],["carlzha","andybxxx"],["mahuichina","caoyi_mfa"],["mariocavolo","rnaudbertrand"],["mariocavolo","curtexplores"],["caoyi_mfa","sameerakhan"],["caoyi_mfa","xinjiangchannel"],["caoyi_mfa","zlj517"],["trappedsoldier","dobahi"],["trappedsoldier","zhang_heqing"],["frontlinestory","yidingyang_mfa"],["kiranfatimaopal","danieldumbrill"],["mariocavolo","madammiaow"],["caoyi_mfa","angelo4justice3"],["zhaliyou","jacob0998"],["mahuichina","slipknothooh"],["caoyi_mfa","yang_mady"],["chinaconsulist","xinjiangchannel"],["caoyi_mfa","shen_shiwei"],["caoyi_mfa","xmlisbk05"],["mahuichina","mariocavolo"],["caoyi_mfa","sinanengineerr"],["mariocavolo","alisaisil"],["libijian2","rnaudbertrand"],["caoyi_mfa","mav15605229"],["zhaliyou","zhang_heqing"],["zhaliyou","dxinjiang"],["libijian2","anastas74532139"],["libijian2","carlzha"],["zhaliyou","caoyi_mfa"],["zhaliyou","shen_shiwei"],["mariocavolo","chinateacher1"],["mariocavolo","danieldumbrill"],["mariocavolo","pandemictruther"],["zhou_li_chn","xinjiangchannel"],["mariocavolo","paulmozur"],["caoyi_mfa","pandemictruther"],["dxinjiang","frontlinestory"],["mahuichina","pandemictruther"],["mahuichina","carlzha"],["mariocavolo","ebrahimhashem"],["mariocavolo","raniakhalek"],["zhaliyou","xinjiangchannel"],["carlzha","danieldumbrill"],["northlion7_","fatir0505"],["dxinjiang","jacob0998"],["mariocavolo","catecadell"],["mahuichina","shineling2"],["mariocavolo","zhang_heqing"],["mariocavolo","mav15605229"],["mariocavolo","penicilinpan"],["mahuichina","jessicaz1018"],["mahuichina","li_xiaosi"],["chinateacher1","muppetpowerrrrr"],["chinateacher1","carlzha"],["frontlinestory","xinjiangchannel"],["frontlinestory","caoyi_mfa"],["mahuichina","dannylo97768522"],["carlzha","dragondescendan"],["mariocavolo","carlzha"],["caoyi_mfa","jingjing_li"],["mariocavolo","lomicchi"],["caoyi_mfa","jerry_grey2002"],["mahuichina","mriazshah2898"],["dxinjiang","xinjiangchannel"],["dxinjiang","jingjing_li"],["carlzha","asian_bogan"],["liupheonix","topyellowriver"],["liupheonix","caoyi_mfa"],["dxinjiang","yang_mady"],["cgmeifangzhang","dxinjiang"],["mariocavolo","dragondescendan"],["xinjiangchannel","zlj517"],["touchshandong","zhang_heqing"],["touchshandong","zhaliyou"],["touchshandong","xinjiangchannel"],["yg_shing21","infernoxhell"],["mariocavolo","xinjiangchannel"],["cgmeifangzhang","shen_shiwei"],["mariocavolo","caoyi_mfa"],["cgmeifangzhang","zlj517"],["mariocavolo","zhaliyou"],["xinjiangalex","sameerakhan"],["carlzha","przidnt1"],["xinjiangalex","jerry_grey2002"],["xinjiangalex","caoyi_mfa"],["echoecho5221","shuren70372216"],["sa_durban","frontlinestory"],["sa_durban","cindysomemore"],["sa_durban","cgmeifangzhang"],["sa_durban","michell60811926"],["sa_durban","lixi_sui"],["carlzha","thesilkroad"],["sa_durban","libijian2"],["sa_durban","lilyyeoh22"],["sa_durban","zhou_li_chn"],["sa_durban","andybxxx"],["sa_durban","rnaudbertrand"],["libijian2","xinjiangchannel"],["mariocavolo","muppetpowerrrrr"],["mariocavolo","shineling2"],["mariocavolo","mahuichina"],["sa_durban","zhang_heqing"],["sa_durban","zlj517"],["sa_durban","mazeemkhan1974"],["sa_durban","xmlisbk05"],["carlzha","zlj517"],["sa_durban","pandemictruther"],["mariocavolo","libijian2"],["sa_durban","jingjing_li"],["sa_durban","xinjiangchannel"],["sa_durban","china2asean"],["sa_durban","mahuichina"],["sa_durban","mariocavolo"],["sa_durban","amyr___9090"],["showtimematthew","pandemictruther"],["showtimematthew","zlj517"],["mzu_ali_","mazeemkhan1974"],["wuque_cn","fengan_"],["sa_durban","caoyi_mfa"],["sa_durban","hawkiedesert"],["sa_durban","dragondescendan"],["mazeemkhan1974","china2asean"],["mazeemkhan1974","mzasadi"],["mazeemkhan1974","dragonwong2024"],["mazeemkhan1974","dobahi"],["sa_durban","danieldumbrill"],["mazeemkhan1974","libijian2"],["mazeemkhan1974","zhang_heqing"],["sa_durban","mriazshah2898"],["mazeemkhan1974","caoyi_mfa"],["sa_durban","shen_shiwei"],["mazeemkhan1974","zlj517"],["mazeemkhan1974","silingwu"],["sa_durban","madammiaow"],["queen_ice8371","dragondescendan"],["libijian2","china2asean"],["abovetheclouds","gfphilosophy"],["libijian2","kashifmirzaam"],["muppetpowerrrrr","plafala"],["muppetpowerrrrr","xh_lee23"],["muppetpowerrrrr","fengan_"],["muppetpowerrrrr","robertsonjohn88"],["muppetpowerrrrr","genietango"],["muppetpowerrrrr","rnaudbertrand"],["muppetpowerrrrr","cecilg90112976"],["muppetpowerrrrr","lixi_sui"],["amybetter1","zhang_heqing"],["muppetpowerrrrr","dragonwong2024"],["muppetpowerrrrr","kanthan2030"],["muppetpowerrrrr","pandemictruther"],["muppetpowerrrrr","gfphilosophy"],["china4tech","pandemictruther"],["muppetpowerrrrr","dobahi"],["muppetpowerrrrr","zhang_heqing"],["muppetpowerrrrr","jingjing_li"],["muppetpowerrrrr","jerry_grey2002"],["muppetpowerrrrr","navinaheyden"],["muppetpowerrrrr","humphre12986645"],["muppetpowerrrrr","chinateacher1"],["muppetpowerrrrr","malc_mcgregor"],["libijian2","jingjing_li"],["muppetpowerrrrr","danieldumbrill"],["muppetpowerrrrr","caoyi_mfa"],["muppetpowerrrrr","kashifmirzaam"],["nuanced_nl","carlzha"],["nuanced_nl","przidnt1"],["nuanced_nl","mosiimachinese"],["muppetpowerrrrr","mosiimachinese"],["libijian2","lilyhan92709503"],["muppetpowerrrrr","procamera_z"],["libijian2","jerry_grey2002"],["muppetpowerrrrr","lasspeaches"],["yang_aotearoa","chnembinsudan"],["muppetpowerrrrr","zlj517"],["ccgjeddah","caoyi_mfa"],["ccgjeddah","xinjiangchannel"],["aozorasei1833","china2asean"],["aozorasei1833","zhang_heqing"],["brvautos","zhang_heqing"],["brvautos","zlj517"],["brvautos","zhaliyou"],["yang_aotearoa","danieldumbrill"],["yang_aotearoa","xianghuazhang"],["libijian2","shen_shiwei"],["ccgjeddah","zlj517"],["ccgjeddah","dxinjiang"],["wangjinglingyue","zhang_heqing"],["thetruthofthew4","zhang_heqing"],["thetruthofthew4","xinjiangchannel"],["thetruthofthew4","topyellowriver"],["thetruthofthew4","zlj517"],["zhutouiii","zlj517"],["liuxin_emily","jerry_grey2002"],["catseestheworld","wuque_cn"],["yanghuikang1","xinjiangchannel"],["yanghuikang1","zhang_heqing"],["yanghuikang1","libijian2"],["elprofoodie","libijian2"],["elprofoodie","zlj517"],["tianjinmetropo1","plantmoretreez"],["tianjinmetropo1","ayimu_oo1"],["consulat_de","jingfeng22"],["mesapapern","caoyi_mfa"],["consulat_de","xinjiangchannel"],["consulat_de","dxinjiang"],["peter205815","libijian2"],["consulat_de","chinaembaustria"],["consulat_de","caoyi_mfa"],["but_why____","xinjiangalex"],["mikatoshka","przidnt1"],["mikatoshka","proletariatris1"],["mikatoshka","xi_fan"],["mikatoshka","sameerakhan"],["mikatoshka","carlzha"],["simongunson","sameerakhan"],["simongunson","shanghai__sky"],["kashifmirzaam","jingjing_li"],["zhang_heqing","libijian2"],["beehivechina","rnaudbertrand"],["zhang_heqing","xinjiangchannel"],["dannylo97768522","cinqscories"],["zhang_heqing","xianghuazhang"],["dannylo97768522","silingwu"],["beehivechina","angelo4justice3"],["beehivechina","pandemictruther"],["dannylo97768522","xifeng1842"],["consulat_de","xi_fan"],["cnwangjj_zlj","zhang_heqing"],["cnwangjj_zlj","xinjiangchannel"],["cnwangjj_zlj","caoyi_mfa"],["usdimplosion","xinjiangchannel"],["xuqinduo","unikrob"],["dancdo7","kanthan2030"],["tridisconinja","dragondescendan"],["tridisconinja","caoyi_mfa"],["beehivechina","cinqscories"],["cnwangjj_zlj","dxinjiang"],["cnwangjj_zlj","dongguanz"],["wuweiliving","maureenahuebel"],["wuweiliving","jerry_grey2002"],["xuqinduo","dragondescendan"],["tridisconinja","xi_fan"],["n1logq5vluoekiv","yang_mady"],["n1logq5vluoekiv","libijian2"],["n1logq5vluoekiv","haominliaizg"],["n1logq5vluoekiv","zhang_heqing"],["illdbqp","xmlisbk05"],["wuweiliving","alisaisil"],["wuweiliving","comeonjustchill"],["wuweiliving","justcurious1313"],["candle_finder","phngkhin"],["candle_finder","plafala"],["candle_finder","dragondescendan"],["candle_finder","wuque_cn"],["consulat_de","thesilkroad"],["candle_finder","kiranfatimaopal"],["candle_finder","davide_melia"],["candle_finder","cecilg90112976"],["candle_finder","caoyi_mfa"],["beehivechina","danieldumbrill"],["zeng65292940","zhang_heqing"],["candle_finder","andybxxx"],["candle_finder","baizuopatrol"],["candle_finder","mudassa38215818"],["zeng65292940","manso64139770"],["candle_finder","amyr___9090"],["candle_finder","mahuichina"],["candle_finder","jerry_grey2002"],["candle_finder","zlj517"],["candle_finder","mzasadi"],["candle_finder","yang_mady"],["noel_calibre","xmb0707"],["xmlisbk05","xinjiangchannel"],["beehivechina","muppetpowerrrrr"],["candle_finder","pandemictruther"],["candle_finder","silingwu"],["candle_finder","xinjiangchannel"],["candle_finder","xi_fan"],["candle_finder","angelo4justice3"],["1917cccp2","xmlisbk05"],["candle_finder","garwoodmaureen"],["candle_finder","hong_kong97"],["8964christian","cgmeifangzhang"],["8964christian","sweeneysteve"],["8964christian","baujosephine"],["8964christian","slipknothooh"],["8964christian","malc_mcgregor"],["8964christian","pandemictruther"],["beehivechina","robertsonjohn88"],["beehivechina","colinttwsyf"],["beehivechina","slipknothooh"],["ffortuzzi","rnaudbertrand"],["8964christian","caoyi_mfa"],["anastas74532139","chanjoe18"],["anastas74532139","tom06090874"],["tagelnesru","cgmeifangzhang"],["8964christian","freedomrideblog"],["honglong_chen","xinjiangchannel"],["honglong_chen","illdbqp"],["honglong_chen","jerry_grey2002"],["honglong_chen","andybxxx"],["beehivechina","myuknumber4"],["beehivechina","raniakhalek"],["honglong_chen","angelo4justice3"],["honglong_chen","zhang_heqing"],["honglong_chen","cgmeifangzhang"],["8964christian","danieldumbrill"],["schow1122","danieldumbrill"],["beehivechina","zhang_heqing"],["mayawinterssms","andybxxx"],["mayawinterssms","liupheonix"],["gohahwei1","zhang_heqing"],["mayawinterssms","dragondescendan"],["deepadiver2","dragondescendan"],["jasoneclarke","carlzha"],["jasoneclarke","danieldumbrill"],["wilsonsun","laifuq"],["wilsonsun","jingjing_li"],["wilsonsun","d_anastasiadis"],["mayawinterssms","xmlisbk05"],["deepadiver2","xmlisbk05"],["beehivechina","garwoodmaureen"],["wilsonsun","duanqiaozhi"],["deepadiver2","illdbqp"],["deepadiver2","sameerakhan"],["mayawinterssms","zhang_heqing"],["mayawinterssms","danieldumbrill"],["mayawinterssms","caoyi_mfa"],["mayawinterssms","jokieliu"],["deepadiver2","fengdibaby"],["emma91161141","oubai520"],["mayawinterssms","shen_shiwei"],["mayawinterssms","zlj517"],["deepadiver2","mazeemkhan1974"],["deepadiver2","robertsonjohn88"],["deepadiver2","carlzha"],["deepadiver2","jacob0998"],["deepadiver2","byronbarton10"],["deepadiver2","zlj517"],["deepadiver2","andybxxx"],["deepadiver2","martha79868135"],["deepadiver2","li_xiaosi"],["deepadiver2","zhang_heqing"],["deepadiver2","gfphilosophy"],["deepadiver2","xjcuisineguli"],["70keenan","kanthan2030"],["70keenan","andybxxx"],["70keenan","candle_finder"],["omani1love","mahuichina"],["solopocono2","chinateacher1"],["hsarnic","yang_mady"],["hsarnic","xinjiangchannel"],["hsarnic","satsumandlina"],["deepadiver2","kelvinbsp"],["andrewxjg","kisslinru"],["deepadiver2","penicilinpan"],["isoboy","truth_n_respect"],["andrewxjg","zlj517"],["chriswongsar","naser13606915"],["chriswongsar","jerry_grey2002"],["mav15605229","penicilinpan"],["mav15605229","abovetheclouds"],["mav15605229","jerry_grey2002"],["isoboy","zhang_heqing"],["isoboy","pandemictruther"],["andrewxjg","shuren70372216"],["yidingyang_mfa","phngkhin"],["mzasadi","caoyi_mfa"],["deepadiver2","xinjiangchannel"],["chriswongsar","mariocavolo"],["fatir0505","ayimu_oo1"],["chriswongsar","caoyi_mfa"],["btcadalink","zlj517"],["btcadalink","yang_mady"],["yidingyang_mfa","yang_mady"],["btcadalink","carlzha"],["yidingyang_mfa","chinacg_nyc"],["isoboy","asia9527"],["isoboy","lixi_sui"],["isoboy","danieldumbrill"],["btcadalink","refurbished_t34"],["yidingyang_mfa","xinjiangalex"],["yidingyang_mfa","zhang_heqing"],["yidingyang_mfa","caoyi_mfa"],["yidingyang_mfa","frontlinestory"],["isoboy","sammycscs"],["isoboy","carlzha"],["hard2decide","silingwu"],["hard2decide","laoshichu"],["isoboy","dragondescendan"],["isoboy","gfphilosophy"],["hard2decide","drandytsun"],["hard2decide","byronbarton10"],["hard2decide","xmlisbk05"],["yidingyang_mfa","libijian2"],["yidingyang_mfa","nuryvittachi"],["yidingyang_mfa","emma91161141"],["isoboy","rnaudbertrand"],["maodada15","xi_fan"],["isoboy","xinjiangchannel"],["isoboy","xmlisbk05"],["isoboy","xinranz98"],["isoboy","luo_xiaohan"],["hard2decide","shen_shiwei"],["fengan_","libijian2"],["deepadiver2","lunareadingnote"],["deepadiver2","danieldumbrill"],["isoboy","irate_minority"],["isoboy","nuryvittachi"],["isoboy","silingwu"],["newhand_lv","yang_mady"],["remember1421","muppetpowerrrrr"],["deepadiver2","caoyi_mfa"],["isoboy","abovetheclouds"],["isoboy","angelo4justice3"],["isoboy","yang_mady"],["isoboy","longlive_theppl"],["fatir0505","dxinjiang"],["isoboy","duanqiaozhi"],["fatir0505","dongguanz"],["epkuawait_99","xmlisbk05"],["epkuawait_99","michshsh"],["jingfeng22","yidingyang_mfa"],["kellyy67122045","muppetpowerrrrr"],["kellyy67122045","ayimu_oo1"],["kellyy67122045","illdbqp"],["concernedhk","deepadiver2"],["lauraontheway","yang_mady"],["dragonwong2024","dobahi"],["future_dasein","silingwu"],["jingfeng22","zlj517"],["jingfeng22","martha79868135"],["deepadiver2","nomibwave"],["epsilonm","gfphilosophy"],["jingfeng22","lixi_sui"],["deepadiver2","kashifmirzaam"],["fatir0505","xmlisbk05"],["fatir0505","xjcuisineguli"],["fatir0505","illdbqp"],["jingfeng22","pandemictruther"],["dragonwong2024","dragondescendan"],["deepadiver2","liuxin_emily"],["deepadiver2","jerry_grey2002"],["fariamal","carlzha"],["luxotm","zlj517"],["epsilonm","danieldumbrill"],["epsilonm","caoyi_mfa"],["stefan05805762","yang_mady"],["deepadiver2","michshsh"],["wqingxian","xinjiangchannel"],["ayimu_oo1","photos_china"],["flamencojacob","angelo4justice3"],["shoaibkahut","li_xiaosi"],["flamencojacob","mariocavolo"],["flamencojacob","caoyi_mfa"],["flamencojacob","carlzha"],["joshuamills044","kanthan2030"],["faceblaster","sameerakhan"],["ricarduscaseus","danieldumbrill"],["ricarduscaseus","pandemictruther"],["lorenadyson","kanthan2030"],["lorenadyson","icygreenforest"],["lorenadyson","abovetheclouds"],["lorenadyson","zhang_heqing"],["lorenadyson","yang_mady"],["lorenadyson","xmlisbk05"],["joshuamills044","yang_mady"],["joshuamills044","zlj517"],["beerkale","kanthan2030"],["nyrzenovka","pandemictruther"],["nyrzenovka","sweeneysteve"],["nyrzenovka","kanthan2030"],["nyrzenovka","zhang_heqing"],["nyrzenovka","jingjing_li"],["nyrzenovka","xmlisbk05"],["nyrzenovka","caoyi_mfa"],["nyrzenovka","cinqscories"],["michell60811926","xinjiangchannel"],["michell60811926","zlj517"],["7654321werr","xmlisbk05"],["7654321werr","slipknothooh"],["7654321werr","mav15605229"],["jerry852172","yang_mady"],["7654321werr","blockademe"],["7654321werr","martha79868135"],["joshuamills044","jingjing_li"],["nigel8529","noel_calibre"],["centerxinjiang","zhang_heqing"],["aspi_watcher","carlzha"],["aspi_watcher","danieldumbrill"],["aspi_watcher","longlive_theppl"],["shenzhaozhi","xinjiangchannel"],["aspi_watcher","abovetheclouds"],["tuckfwitterz","fire_yeniiii"],["aspi_watcher","yang_aotearoa"],["xinranz98","caoyi_mfa"],["alimbughra","carlzha"],["brighte14360558","zhonghuajiabot"],["dreamwalker1011","yang_mady"],["3rdisaiah","zhang_heqing"],["thucydidesca","meow75310676"],["wilson39875605","sameerakhan"],["wilson39875605","mariocavolo"],["arthurlarsen","gfphilosophy"],["arthurlarsen","bintachina"],["photos_china","zlj517"],["photos_china","yang_mady"],["bobohupp","cctv1008"],["fcmaca","cgmeifangzhang"],["fcmaca","zhang_heqing"],["fcmaca","libijian2"],["heerfei","caoyi_mfa"],["heerfei","zlj517"],["syaiful18532221","yang_mady"],["zukham","cgmeifangzhang"],["stonech00365833","sameerakhan"],["stonech00365833","duanqiaozhi"],["willietan129","frontlinestory"],["willietan129","libijian2"],["willietan129","zhang_heqing"],["fluxmulder","carlzha"],["beekjoanna","pandemictruther"],["kisslinru","fengdibaby"],["beekjoanna","jerry_grey2002"],["fire_yeniiii","truth_n_respect"],["beekjoanna","rnaudbertrand"],["fire_yeniiii","zlj517"],["fire_yeniiii","fatir0505"],["fire_yeniiii","mazeemkhan1974"],["fire_yeniiii","plantmoretreez"],["beekjoanna","jerrystakechina"],["beekjoanna","phngkhin"],["beekjoanna","andybxxx"],["fire_yeniiii","yayingruan"],["fire_yeniiii","frontlinestory"],["fire_yeniiii","wwwyq6661308579"],["blakechaos1208","madammiaow"],["fire_yeniiii","michell60811926"],["fire_yeniiii","phngkhin"],["london1_uk","danieldumbrill"],["london1_uk","martha79868135"],["london1_uk","yang_mady"],["unyil81855105","yang_mady"],["nedsmic","caoyi_mfa"],["toomanyfights","yang_mady"],["unyil81855105","xinjiangchannel"],["unyil81855105","penicilinpan"],["exarkun1949","sameerakhan"],["sun_moon2022","yang_mady"],["jacob0998","zhang_heqing"],["southiefkorean","gmply5555"],["southiefkorean","jingjing_li"],["hkpreview","zhang_heqing"],["george_papp6","zhang_heqing"],["george_papp6","yang_mady"],["george_papp6","zlj517"],["pandadwen","zhang_heqing"],["armanhkcn","kisslinru"],["armanhkcn","xmlisbk05"],["pandadwen","shuren70372216"],["armanhkcn","xinjiangchannel"],["armanhkcn","candle_finder"],["unyil81855105","jerry_grey2002"],["armanhkcn","mazeemkhan1974"],["armanhkcn","zlj517"],["aongishere_alan","caoyi_mfa"],["andyhanye1990","zlj517"],["lch13602","yang_mady"],["armanhkcn","davidkersten"],["armanhkcn","caoyi_mfa"],["armanhkcn","yang_mady"],["armanhkcn","china4tech"],["armanhkcn","danieldumbrill"],["lykddscfh","huizhedingli06"],["lykddscfh","guodastatham888"],["lykddscfh","yang_mady"],["davidepoon","photos_china"],["davidepoon","xinjiangchannel"],["hornetbee2","pandemictruther"],["hornetbee2","jerry_grey2002"],["hornetbee2","zlj517"],["hornetbee2","maureenahuebel"],["hornetbee2","caoyi_mfa"],["hornetbee2","navinaheyden"],["armanhkcn","joshuamills044"],["armanhkcn","sameerakhan"],["kong_ls","jerry_grey2002"],["lomicchi","chinateacher1"],["919deng","frontlinestory"],["dashewushuang1","nogood_english"],["lesterjerry2","mazeemkhan1974"],["armanhkcn","oubai520"],["lesterjerry2","caoyi_mfa"],["lesterjerry2","zhang_heqing"],["lesterjerry2","libijian2"],["george_papp0701","zhang_heqing"],["george_papp0701","yang_mady"],["george_papp0701","zlj517"],["ouahouah88","zhang_heqing"],["ji_soo12","zhang_heqing"],["iotakitty","zlj517"],["ouahouah88","yang_mady"],["ouahouah88","xinjiangchannel"],["ouahouah88","byronbarton10"],["ouahouah88","xjcuisineguli"],["hadi37651","za970001"],["hadi37651","xmlisbk05"],["claudederenne","zhang_heqing"],["riverboca42","xinjiangchannel"],["riverboca42","rnaudbertrand"],["rule_of_thu","caoyi_mfa"],["mareehlovech","lasspeaches"],["mareehlovech","carlzha"],["ouestwatcher","slipknothooh"],["ex8ted","carlzha"],["ex8ted","stuckupmark"],["ex8ted","danieldumbrill"],["ex8ted","caoyi_mfa"],["amarillion82","gfphilosophy"],["yuko38651363","anastas74532139"],["yuko38651363","yang_mady"],["oceanssimple","xmlisbk05"],["oceanssimple","xinjiangchannel"],["amarillion82","danieldumbrill"],["cooland413","xinjiangchannel"],["cooland413","silingwu"],["nancy91386738","sameerakhan"],["nancy91386738","caoyi_mfa"],["bintachina","chinateacher1"],["nancy91386738","danieldumbrill"],["always_delay","danieldumbrill"],["kc226_easy","zhang_heqing"],["sunnylovescat","yg_shing21"],["bobasoynpc","kelvinbsp"],["homekong0701","lauraontheway"],["thecqu","chinateacher1"],["lilita_sun","caoyi_mfa"],["sylviag46263954","michshsh"],["changeling27","danieldumbrill"],["changeling27","carlzha"],["ricardo91606583","xmlisbk05"],["ricardo91606583","carlzha"],["ziganwu007","carlzha"],["heichichangzhi","anastas74532139"],["jesuisbaton","yang_mady"],["how_sunnyii","oubai520"],["wonjihj686664","dxinjiang"],["wonjihj686664","96stats"],["wonjihj686664","zhang_heqing"],["taikongtudou","zhang_heqing"],["tiddlycloud","sameerakhan"],["aiolos007","xinjiangchannel"],["xiangch13497840","libijian2"],["naseemm47592972","zhang_heqing"],["xiangch13497840","cgmeifangzhang"],["xiangch13497840","yang_mady"],["farmanbaig87","zlj517"],["yoyoliu84544277","zlj517"],["hellofori","xinjiangchannel"],["coatlicue0103","yang_mady"],["coatlicue0103","xmlisbk05"],["coatlicue0103","caoyi_mfa"],["coatlicue0103","xinjiangchannel"],["rin_08020","dragondescendan"],["wangzhe11906861","carlzha"],["wangzhe11906861","china2asean"],["cheungchaukk","cgmeifangzhang"],["cheungchaukk","lixi_sui"],["cheungchaukk","sweeneysteve"],["cheungchaukk","li_xiaosi"],["cheungchaukk","silingwu"],["cheungchaukk","xiaoyewen"],["cheungchaukk","rnaudbertrand"],["cheungchaukk","zhang_heqing"],["cheungchaukk","chinateacher1"],["cheungchaukk","caoyi_mfa"],["hongkongpanda1","libijian2"],["cheungchaukk","zlj517"],["bayon202012","zlj517"],["bayon202012","xinjiangchannel"],["cheungchaukk","mazeemkhan1974"],["cheungchaukk","xinjiangalex"],["cheungchaukk","pandemictruther"],["cheungchaukk","drkkrw1"],["cheungchaukk","xmlisbk05"],["cheungchaukk","carlzha"],["cheungchaukk","moinaksg"],["cheungchaukk","slipknothooh"],["cheungchaukk","jingjing_li"],["cheungchaukk","alisaisil"],["cheungchaukk","jerry_grey2002"],["ladida_0316","dxinjiang"],["ladida_0316","libijian2"],["ladida_0316","fatir0505"],["woshishiyilang","angelo4justice3"],["user52970857481","dragondescendan"],["maglexa11","fengan_"],["ukaleido","danieldumbrill"]],"clusters":[{"key":"13","clusterLabel":"Cluster 13","color":"#d60000"},{"key":"5","clusterLabel":"Cluster 5","color":"#8c3bff"},{"key":"0","clusterLabel":"Cluster 0","color":"#018700"},{"key":"10","clusterLabel":"Cluster 10","color":"#00acc6"},{"key":"15","clusterLabel":"Cluster 15","color":"#e6a500"},{"key":"2","clusterLabel":"Cluster 2","color":"#ff7ed1"},{"key":"9","clusterLabel":"Cluster 9","color":"#6b004f"},{"key":"4","clusterLabel":"Cluster 4","color":"#573b00"},{"key":"11","clusterLabel":"Cluster 11","color":"#005659"},{"key":"8","clusterLabel":"Cluster 8","color":"#15e18c"},{"key":"6","clusterLabel":"Cluster 6","color":"#0000dd"},{"key":"100","clusterLabel":"Other","color":"#999999"}]}